title,backdrop_path,popularity,poster_path
Flow,/b3mdmjYTEL70j7nuXATUAD9qgu4.jpg,509.302,/dzDMewC0Hwv01SROiWgKOi4iOc1.jpg
Subservience,/pysPTtYmTcQBlShcxXZwfs3Zp8H.jpg,493.829,/gBenxR01Uy0Ev9RTIw6dVBPoyQU.jpg
Kill,/okVLmXL5y18dfN2R4ufMZEGaeCd.jpg,480.385,/m2zXTuNPkywdYLyWlVyJZW2QOJH.jpg
The Platform 2,/3m0j3hCS8kMAaP9El6Vy5Lqnyft.jpg,477.147,/izuzUb0sDokqp9o8utVfsrSJuy5.jpg
Beezel,/ArRR0UvZSV1ONjEm84IGZSWHqYq.jpg,475.008,/a9gZxhG98LATZJGy1vWssyjVkk.jpg
Amber Alert,/vt37v6ouquokPYeEg3xqkzKjHRj.jpg,470.763,/vkrmJ2fStfnvsLfBw55nimnjcd5.jpg
Afraid,/sjC29cgm4qZAnpOJQbYKCxDCcra.jpg,464.869,/gUREuXCnJLVHsvKXDH9fgIcfM6e.jpg
Terrifier 3,/xlkclSE4aq7r3JsFIJRgs21zUew.jpg,444.773,/7NDHoebflLwL1CcgLJ9wZbbDrmV.jpg
Prey,/n3JeGELHa9V6k9mL81ItMxWLSS6.jpg,434.821,/aOsPclgSiOqhndI2Xp2ksz2g9n6.jpg
The Convert,/tqSg1hHiSWhHAhnjDhhevaFGsP0.jpg,374.158,/e5ZqqPlhKstzB4geibpZh38w7Pq.jpg
10 Lives,/FzntbxhtPGp5gVmie16ry3k7Ow.jpg,365.106,/r2D7MkNocsqKOqGnnGEQThU26JS.jpg
Longlegs,/bizhlTVjifYQUu4Xrdt7m3TYr7d.jpg,364.747,/5aj8vVGFwGVbQQs26ywhg4Zxk2L.jpg
Civil War,/en3GU5uGkKaYmSyetHV4csHHiH3.jpg,363.504,/sh7Rg8Er3tFcN9BpKIPOMvALgZd.jpg
Terrifier 2,/cRdA9xjHBbobw4LJFsQ3j1CgpVq.jpg,360.062,/8gLhu8UFPZfH2Hv11JhTZkb9CVl.jpg
Terrifier,/naNXYdBzTEb1KwOdi1RbBkM9Zv1.jpg,330.029,/nfRlQCl590F30L37aihuqBGBvaO.jpg
Dragonkeeper,/h9YlRHAZWOWtGonllmj6JJg1FrE.jpg,316.685,/ggZGnJLzO3BTu7ysuuIzou3Oex5.jpg
Wanted Man,/ahYDVW0ReOTKI6sbI6du9SoXdX9.jpg,314.772,/pmdgdb8biQLLzTjySZLPdK13KwM.jpg
Trap,/p5kpFS0P3lIwzwzHBOULQovNWyj.jpg,311.433,/jwoaKYVqPgYemFpaANL941EF94R.jpg
Harold and the Purple Crayon,/iURqo6oIwbeegIwWXx5qrBsDcPk.jpg,303.501,/qtW6bWUEqfPLaD6KnetIlSG4adf.jpg
Late Night with the Devil,/4yrOyO3N55XazHQXXYoqiiPQd40.jpg,286.702,/mu8LRWT9GHkfiyHm7kgxT6YNvMW.jpg
